<?xml version="1.0" encoding="UTF-8"?>
<project-private xmlns="http://www.netbeans.org/ns/project-private/1">
    <editor-bookmarks xmlns="http://www.netbeans.org/ns/editor-bookmarks/2" lastBookmarkId="0"/>
    <open-files xmlns="http://www.netbeans.org/ns/projectui-open-files/2">
        <group>
            <file>file:/E:/Java%20Projects/GIIP/src/giip/Easy.java</file>
            <file>file:/E:/Java%20Projects/GIIP/src/giip/gamePage.java</file>
            <file>file:/E:/Java%20Projects/GIIP/src/giip/attempt_info.java</file>
            <file>file:/E:/Java%20Projects/GIIP/src/giip/registrationForm.java</file>
            <file>file:/E:/Java%20Projects/GIIP/src/giip/startPage.java</file>
            <file>file:/E:/Java%20Projects/GIIP/src/giip/LevelSelection.java</file>
            <file>file:/E:/Java%20Projects/GIIP/src/giip/qna.java</file>
            <file>file:/E:/Java%20Projects/GIIP/src/giip/profileDisplay.java</file>
            <file>file:/E:/Java%20Projects/GIIP/src/giip/main.java</file>
        </group>
    </open-files>
</project-private>
